ID,First Name,Last Name,Email,Phone,Age,City,Occupation,Salary
1,Michael,Smith,michael.smith@example.com,555-1234,30,New York,Engineer,80000
2,Emily,Johnson,emily.johnson@example.com,555-5678,25,Los Angeles,Teacher,50000
3,Andrew,Williams,andrew.williams@example.com,555-9012,35,Chicago,Doctor,120000
4,Olivia,Brown,olivia.brown@example.com,555-3456,28,San Francisco,Designer,60000
5,William,Davis,william.davis@example.com,555-7890,32,Miami,Developer,90000
6,Sophia,Jones,sophia.jones@example.com,555-1111,27,Houston,Marketing Manager,75000
7,Benjamin,Miller,benjamin.miller@example.com,555-2222,31,Dallas,Accountant,65000
8,Ava,Taylor,ava.taylor@example.com,555-3333,29,Seattle,Software Engineer,85000
9,Alexander,Anderson,alexander.anderson@example.com,555-4444,33,Austin,Data Analyst,55000
10,Mia,Thomas,mia.thomas@example.com,555-5555,26,Phoenix,HR Manager,70000
11,Liam,Harris,liam.harris@example.com,555-6666,34,Denver,Project Manager,95000
12,Charlotte,Martin,charlotte.martin@example.com,555-7777,28,Boston,Consultant,72000
13,Ethan,Thompson,ethan.thompson@example.com,555-8888,30,San Diego,Financial Analyst,62000
14,Isabella,Garcia,isabella.garcia@example.com,555-9999,27,Philadelphia,Product Manager,87000
15,James,Clark,james.clark@example.com,555-0000,29,Atlanta,Marketing Coordinator,50000
16,Sophia,Lewis,sophia.lewis@example.com,555-1010,32,Miami,Software Developer,92000
17,Logan,Hall,logan.hall@example.com,555-2020,26,New York,Graphic Designer,55000
18,Olivia,Young,olivia.young@example.com,555-3030,31,Los Angeles,IT Specialist,76000
19,Mason,Wright,mason.wright@example.com,555-4040,33,Chicago,Sales Representative,68000
20,Amelia,Lopez,amelia.lopez@example.com,555-5050,29,San Francisco,Research Scientist,89000
21,Lucas,Hill,lucas.hill@example.com,555-6060,27,Seattle,Engineer,80000
22,Emma,Scott,emma.scott@example.com,555-7070,30,Austin,Teacher,50000
23,Henry,Green,henry.green@example.com,555-8080,35,Boston,Doctor,120000
24,Chloe,Hall,chloe.hall@example.com,555-9090,28,Denver,Designer,60000
25,Sebastian,Campbell,sebastian.campbell@example.com,555-1212,32,Phoenix,Developer,90000
26,Harper,Young,harper.young@example.com,555-2323,27,New York,Engineer,80000
27,David,Rivera,david.rivera@example.com,555-3434,31,Los Angeles,Teacher,50000
28,Abigail,Ward,abigail.ward@example.com,555-4545,33,Chicago,Doctor,120000
29,Samuel,Bell,samuel.bell@example.com,555-5656,28,San Francisco,Designer,60000
30,Sofia,Turner,sofia.turner@example.com,555-6767,32,Miami,Developer,90000
31,Joseph,Murphy,joseph.murphy@example.com,555-7878,27,Houston,Marketing Manager,75000
32,Scarlett,Hughes,scarlett.hughes@example.com,555-8989,29,Dallas,Accountant,65000
33,Lincoln,Reed,lincoln.reed@example.com,555-9091,33,Seattle,Software Engineer,85000
34,Ella,Cook,ella.cook@example.com,555-0202,26,Austin,Data Analyst,55000
35,Nathan,Price,nathan.price@example.com,555-1313,34,Phoenix,HR Manager,70000
36,Grace,Bailey,grace.bailey@example.com,555-2424,28,Boston,Consultant,72000
37,Julian,Flores,julian.flores@example.com,555-3535,30,San Diego,Financial Analyst,62000
38,Avery,Hayes,avery.hayes@example.com,555-4646,27,Philadelphia,Product Manager,87000
39,Levi,Ross,levi.ross@example.com,555-5757,29,Atlanta,Marketing Coordinator,50000
40,Evelyn,Wood,evelyn.wood@example.com,555-6868,32,Miami,Software Developer,92000
41,Hannah,Rogers,hannah.rogers@example.com,555-7979,26,New York,Graphic Designer,55000
42,Dylan,James,dylan.james@example.com,555-8081,31,Los Angeles,IT Specialist,76000
43,Layla,Brooks,layla.brooks@example.com,555-9191,33,Chicago,Sales Representative,68000
44,Connor,Watson,connor.watson@example.com,555-0303,29,San Francisco,Research Scientist,89000
45,Eleanor,Collins,eleanor.collins@example.com,555-1414,27,Seattle,Engineer,80000
46,Noah,Perry,noah.perry@example.com,555-2525,30,Austin,Teacher,50000
47,Victoria,Henderson,victoria.henderson@example.com,555-3636,35,Boston,Doctor,120000
48,Madison,Carter,madison.carter@example.com,555-4747,28,Denver,Designer,60000
49,Gabriel,Simmons,gabriel.simmons@example.com,555-5858,32,Phoenix,Developer,90000
50,Audrey,Foster,audrey.foster@example.com,555-6969,27,Houston,Marketing Manager,75000

